post_id,title,post_text,image_file,linkedin_url,topic,status,date,analytics_file,notes,generated_post,views,likes,comments
001,AI won't replace jobs,AI changes job structures.,ai.png,,AI,posted,2026-04-25,,,"AI is not replacing jobs.

It is restructuring systems.

Most people focus on automation.
But the real shift is coordination.

Systems are evolving faster than roles.

The question is not:
Will AI take your job?

But:
Are you adapting to the system shift?

#AI #SystemsThinking",1200,80,15

002,Energy is a system,Energy is a portfolio.,energy.png,,Energy,ready,2026-04-25,,, ,0,0,0